Comment,Designator,Footprint,LCSC
USB_C_Receptacle_USB2.0,J1,USB_C_Receptacle_HRO_TYPE-C-31-M-12,C165948
10k,"R5,R6",R_0805_2012Metric,C17414
22,"R1,R2",R_0805_2012Metric,C17561
4.7u,C6,C_0805_2012Metric,C1779
D,"D1,D10,D11,D12,D13,D14,D15,D16,D17,D18,D19,D2,D20,D21,D22,D23,D24,D25,D26,D27,D28,D29,D3,D30,D31,D32,D33,D34,D35,D36,D37,D38,D39,D4,D40,D41,D42,D43,D44,D45,D46,D47,D48,D49,D5,D50,D51,D52,D53,D54,D55,D56,D57,D58,D59,D6,D60,D61,D62,D7,D8,D9",D_SOD-123,C2099
Polyfuse,F1,Fuse_0805_2012Metric,C261942
5.1k,"R3,R4",R_0805_2012Metric,C27834
1u,C1,C_0805_2012Metric,C28323
Speaker,LS1,Buzzer_Mallory_AST1109MLTRQ,C391036
ATmega32U4,U1,TQFP-44_10x10mm_P0.8mm,C44854
0.1u,"C2,C3,C4,C5",C_0805_2012Metric,C49678
USBLC6-2SC6,U2,SOT-23-6,C7519
XTAL_GND,X1,Resonator_SMD_Murata_CSTxExxV-3Pin_3.0x1.1mm,C783275
SW_PUSH,SW1,SW_SPST_TL3342,C92584
