Designator,Val,Package,Mid X,Mid Y,Rotation,Layer
C1,1u,C_0805_2012Metric,173.36416,-90.665061,90.0,bottom
C2,0.1u,C_0805_2012Metric,107.579287,-85.4,180.0,bottom
C3,0.1u,C_0805_2012Metric,112.729287,-78.725785,180.0,bottom
C4,0.1u,C_0805_2012Metric,114.086787,-92.4525,90.0,bottom
C5,0.1u,C_0805_2012Metric,128.135,-90.665061,90.0,bottom
C6,4.7u,C_0805_2012Metric,130.396738,-90.665061,90.0,bottom
D1,D,D_SOD-123,36.5516,-11.525,90.0,bottom
D2,D,D_SOD-123,39.5996,-11.525,90.0,bottom
D3,D,D_SOD-123,55.6524,-11.525,90.0,bottom
D4,D,D_SOD-123,58.675,-11.525,90.0,bottom
D5,D,D_SOD-123,77.725,-11.525,90.0,bottom
D6,D,D_SOD-123,96.775,-11.525,90.0,bottom
D7,D,D_SOD-123,115.825,-11.525,90.0,bottom
D8,D,D_SOD-123,134.875,-11.525,90.0,bottom
D9,D,D_SOD-123,153.925,-11.525,90.0,bottom
D10,D,D_SOD-123,172.975,-11.525,90.0,bottom
D11,D,D_SOD-123,192.025,-11.525,90.0,bottom
D12,D,D_SOD-123,211.075,-11.525,90.0,bottom
D13,D,D_SOD-123,230.125,-11.525,90.0,bottom
D14,D,D_SOD-123,249.174977,-11.525061,90.0,bottom
D15,D,D_SOD-123,268.275,-11.525061,90.0,bottom
D16,D,D_SOD-123,6.2875,-30.575,90.0,bottom
D17,D,D_SOD-123,30.1,-30.575,90.0,bottom
D18,D,D_SOD-123,49.15,-30.575,90.0,bottom
D19,D,D_SOD-123,68.2,-30.575,90.0,bottom
D20,D,D_SOD-123,87.25,-30.575,90.0,bottom
D21,D,D_SOD-123,106.3,-30.575,90.0,bottom
D22,D,D_SOD-123,125.35,-30.575,90.0,bottom
D23,D,D_SOD-123,144.4,-30.575,90.0,bottom
D24,D,D_SOD-123,163.45,-30.575,90.0,bottom
D25,D,D_SOD-123,182.5,-30.575,90.0,bottom
D26,D,D_SOD-123,201.55,-30.575,90.0,bottom
D27,D,D_SOD-123,220.6,-30.575,90.0,bottom
D28,D,D_SOD-123,239.65,-30.575,90.0,bottom
D29,D,D_SOD-123,263.45,-30.575,90.0,bottom
D30,D,D_SOD-123,8.3125,-49.625,90.0,bottom
D31,D,D_SOD-123,34.8125,-49.625,90.0,bottom
D32,D,D_SOD-123,53.9125,-49.675,90.0,bottom
D33,D,D_SOD-123,72.9625,-49.625,90.0,bottom
D34,D,D_SOD-123,92.0125,-49.625,90.0,bottom
D35,D,D_SOD-123,111.0625,-49.625,90.0,bottom
D36,D,D_SOD-123,130.1125,-49.625,90.0,bottom
D37,D,D_SOD-123,149.1625,-49.625,90.0,bottom
D38,D,D_SOD-123,168.2125,-49.625,90.0,bottom
D39,D,D_SOD-123,187.2625,-49.625,90.0,bottom
D40,D,D_SOD-123,206.3125,-49.625,90.0,bottom
D41,D,D_SOD-123,225.3625,-49.625,90.0,bottom
D42,D,D_SOD-123,256.3687,-49.625,90.0,bottom
D43,D,D_SOD-123,13.38125,-68.675,90.0,bottom
D44,D,D_SOD-123,44.3875,-68.675,90.0,bottom
D45,D,D_SOD-123,63.4375,-68.675,90.0,bottom
D46,D,D_SOD-123,82.4875,-68.675,90.0,bottom
D47,D,D_SOD-123,101.5375,-68.675,90.0,bottom
D48,D,D_SOD-123,120.5875,-68.675,90.0,bottom
D49,D,D_SOD-123,139.6375,-68.675,90.0,bottom
D50,D,D_SOD-123,158.6875,-68.675,90.0,bottom
D51,D,D_SOD-123,177.7375,-68.675,90.0,bottom
D52,D,D_SOD-123,196.7875,-68.675,90.0,bottom
D53,D,D_SOD-123,215.8375,-68.675,90.0,bottom
D54,D,D_SOD-123,242.03146,-68.675056,90.0,bottom
D55,D,D_SOD-123,268.225,-68.675,90.0,bottom
D56,D,D_SOD-123,22.228819,-87.05,90.0,bottom
D57,D,D_SOD-123,46.004299,-87.05,90.0,bottom
D58,D,D_SOD-123,69.829287,-87.05,90.0,bottom
D59,D,D_SOD-123,134.954189,-87.05,90.0,bottom
D60,D,D_SOD-123,215.848619,-87.725,90.0,bottom
D61,D,D_SOD-123,239.682417,-87.725,90.0,bottom
D62,D,D_SOD-123,263.479287,-87.725,90.0,bottom
F1,Polyfuse,Fuse_0805_2012Metric,15.478138,-17.264077,90.0,bottom
J1,USB_C_Receptacle_USB2.0,USB_C_Receptacle_HRO_TYPE-C-31-M-12,18.568,-3.585061,180.0,bottom
J2,ISP,PinHeader_2x03_P2.54mm_Vertical,179.427973,-85.482325,90.0,bottom
J3,Conn_01x04,JST_SH_SM04B-SRSS-TB_1x04-1MP_P1.00mm_Horizontal,44.4556,-19.0625,270.0,bottom
K1,SW_KEY,SW_Cherry_MX_1.00u_PCB,9.525,-9.525,0.0,top
K2,SW_KEY,SW_Cherry_MX_1.00u_PCB,28.575,-9.525,0.0,top
K3,SW_KEY,SW_Cherry_MX_1.00u_PCB,47.625,-9.525,0.0,top
K4,SW_KEY,SW_Cherry_MX_1.00u_PCB,66.675,-9.525,0.0,top
K5,SW_KEY,SW_Cherry_MX_1.00u_PCB,85.725,-9.525,0.0,top
K6,SW_KEY,SW_Cherry_MX_1.00u_PCB,104.775,-9.525,0.0,top
K7,SW_KEY,SW_Cherry_MX_1.00u_PCB,123.825,-9.525,0.0,top
K8,SW_KEY,SW_Cherry_MX_1.00u_PCB,142.875,-9.525,0.0,top
K9,SW_KEY,SW_Cherry_MX_1.00u_PCB,161.925,-9.525,0.0,top
K10,SW_KEY,SW_Cherry_MX_1.00u_PCB,180.975,-9.525,0.0,top
K11,SW_KEY,SW_Cherry_MX_1.00u_PCB,200.025,-9.525,0.0,top
K12,SW_KEY,SW_Cherry_MX_1.00u_PCB,219.075,-9.525,0.0,top
K13,SW_KEY,SW_Cherry_MX_1.00u_PCB,238.125,-9.525,0.0,top
K14,SW_KEY,SW_Cherry_MX_1.00u_PCB,257.174977,-9.525061,0.0,top
K15,SW_KEY,SW_Cherry_MX_1.00u_PCB,276.225087,-9.524961,0.0,top
K16,SW_KEY,SW_Cherry_MX_1.50u_PCB,14.2875,-28.575,0.0,top
K17,SW_KEY,SW_Cherry_MX_1.00u_PCB,38.1,-28.575,0.0,top
K18,SW_KEY,SW_Cherry_MX_1.00u_PCB,57.15,-28.575,0.0,top
K19,SW_KEY,SW_Cherry_MX_1.00u_PCB,76.2,-28.575,0.0,top
K20,SW_KEY,SW_Cherry_MX_1.00u_PCB,95.25,-28.575,0.0,top
K21,SW_KEY,SW_Cherry_MX_1.00u_PCB,114.3,-28.575,0.0,top
K22,SW_KEY,SW_Cherry_MX_1.00u_PCB,133.35,-28.575,0.0,top
K23,SW_KEY,SW_Cherry_MX_1.00u_PCB,152.4,-28.575,0.0,top
K24,SW_KEY,SW_Cherry_MX_1.00u_PCB,171.45,-28.575,0.0,top
K25,SW_KEY,SW_Cherry_MX_1.00u_PCB,190.5,-28.575,0.0,top
K26,SW_KEY,SW_Cherry_MX_1.00u_PCB,209.55,-28.575,0.0,top
K27,SW_KEY,SW_Cherry_MX_1.00u_PCB,228.6,-28.575,0.0,top
K28,SW_KEY,SW_Cherry_MX_1.00u_PCB,247.65,-28.575,0.0,top
K29,SW_KEY,SW_Cherry_MX_1.50u_PCB,271.462487,-28.575061,0.0,top
K30,SW_KEY,SW_Cherry_MX_1.75u_PCB,16.66875,-47.625,0.0,top
K31,SW_KEY,SW_Cherry_MX_1.00u_PCB,42.8625,-47.625,0.0,top
K32,SW_KEY,SW_Cherry_MX_1.00u_PCB,61.9125,-47.625,0.0,top
K33,SW_KEY,SW_Cherry_MX_1.00u_PCB,80.9625,-47.625,0.0,top
K34,SW_KEY,SW_Cherry_MX_1.00u_PCB,100.0125,-47.625,0.0,top
K35,SW_KEY,SW_Cherry_MX_1.00u_PCB,119.0625,-47.625,0.0,top
K36,SW_KEY,SW_Cherry_MX_1.00u_PCB,138.1125,-47.625,0.0,top
K37,SW_KEY,SW_Cherry_MX_1.00u_PCB,157.1625,-47.625,0.0,top
K38,SW_KEY,SW_Cherry_MX_1.00u_PCB,176.2125,-47.625,0.0,top
K39,SW_KEY,SW_Cherry_MX_1.00u_PCB,195.2625,-47.625,0.0,top
K40,SW_KEY,SW_Cherry_MX_1.00u_PCB,214.3125,-47.625,0.0,top
K41,SW_KEY,SW_Cherry_MX_1.00u_PCB,233.3625,-47.625,0.0,top
K42,SW_KEY,SW_Cherry_MX_2.25u_PCB,264.3187,-47.945,0.0,top
K43,SW_KEY,SW_Cherry_MX_2.25u_PCB,21.43125,-66.995,0.0,top
K44,SW_KEY,SW_Cherry_MX_1.00u_PCB,52.3875,-66.675,0.0,top
K45,SW_KEY,SW_Cherry_MX_1.00u_PCB,71.4375,-66.675,0.0,top
K46,SW_KEY,SW_Cherry_MX_1.00u_PCB,90.4875,-66.675,0.0,top
K47,SW_KEY,SW_Cherry_MX_1.00u_PCB,109.5375,-66.675,0.0,top
K48,SW_KEY,SW_Cherry_MX_1.00u_PCB,128.5875,-66.675,0.0,top
K49,SW_KEY,SW_Cherry_MX_1.00u_PCB,147.6375,-66.675,0.0,top
K50,SW_KEY,SW_Cherry_MX_1.00u_PCB,166.6875,-66.675,0.0,top
K51,SW_KEY,SW_Cherry_MX_1.00u_PCB,185.7375,-66.675,0.0,top
K52,SW_KEY,SW_Cherry_MX_1.00u_PCB,204.7875,-66.675,0.0,top
K53,SW_KEY,SW_Cherry_MX_1.00u_PCB,223.8375,-66.675,0.0,top
K54,SW_KEY,SW_Cherry_MX_1.75u_PCB,250.031287,-66.675061,0.0,top
K55,SW_KEY,SW_Cherry_MX_1.00u_PCB,276.225,-66.675,0.0,top
K56,SW_KEY,SW_Cherry_MX_1.50u_PCB,14.2875,-85.725,0.0,top
K57,SW_KEY,SW_Cherry_MX_1.00u_PCB,38.1,-85.725,0.0,top
K58,SW_KEY,SW_Cherry_MX_1.50u_PCB,61.9125,-85.725,0.0,top
K59,SW_KEY,SW_Cherry_MX_7.00u_PCB,142.875,-85.39995,0.0,top
K60,SW_KEY,SW_Cherry_MX_1.50u_PCB,223.8375,-85.725,0.0,top
K61,SW_KEY,SW_Cherry_MX_1.00u_PCB,247.65,-85.725,0.0,top
K62,SW_KEY,SW_Cherry_MX_1.50u_PCB,271.462728,-85.725072,0.0,top
LS1,Speaker,Buzzer_Mallory_AST1109MLTRQ,163.711075,-85.482325,180.0,bottom
R1,22,R_0805_2012Metric,17.85939,-17.264077,90.0,bottom
R2,22,R_0805_2012Metric,20.240642,-17.264077,90.0,bottom
R3,5.1k,R_0805_2012Metric,15.478138,-13.096886,90.0,bottom
R4,5.1k,R_0805_2012Metric,22.621894,-13.096886,270.0,bottom
R5,10k,R_0805_2012Metric,170.918034,-90.665061,270.0,bottom
R6,10k,R_0805_2012Metric,107.579287,-78.725785,180.0,bottom
SW1,SW_PUSH,SW_SPST_TL3342,190.801787,-85.482325,0.0,bottom
U1,ATmega32U4,TQFP-44_10x10mm_P0.8mm,119.717085,-85.482325,45.0,bottom
U2,USBLC6-2SC6,SOT-23-6,19.050016,-12.501573,270.0,bottom
X1,XTAL_GND,Resonator_SMD_Murata_CSTxExxV-3Pin_3.0x1.1mm,110.126788,-91.9675,180.0,bottom
